Key,Source,Context,Example,sq-al,ar-001,bn-bd,nb-no,bs-ba,bg-bg,my-mm,zh-cn,zh-tw,hr-hr,cs-cz,da-dk,nl-nl,en-gb,et-ee,fil-ph,fi-fi,fr-fr,fr-ca,ka-ge,de-de,el-gr,hi-in,hu-hu,id-id,it-it,ja-jp,kk-kz,km-kh,ko-kr,lv-lv,lt-lt,ms-my,pl-pl,pt-br,pt-pt,ro-ro,ru-ru,sr-rs,si-lk,sk-sk,sl-sl,es-es,es-mx,sv-se,th-th,tr-tr,uk-ua,vi-vn
"action.capture","Capture","Interaction label for capturing a creature.","","","","","","","","","","","","","","","","","","","","","","","","","","","","","","","","","","","","","","","","","","","","","","","","","",""
"action.drop","Drop cargo","Intentional cargo release.","","","","","","","","","","","","","","","","","","","","","","","","","","","","","","","","","","","","","","","","","","","","","","","","","",""
"action.enter_portal","Enter","Proximity prompt action on a portal. Short verb.","","","ادخل","","","","","","","","","","","","","","","","Entrer","","","Betreten","","","","","","入る","","","","","","","","Entrar","","","","","","","","","Entrar","","","","",""
"action.extract","Extract","Extraction interaction.","","","","","","","","","","","","","","","","","","","","","","","","","","","","","","","","","","","","","","","","","","","","","","","","","",""
"action.return_to_hub","Return","Proximity prompt action on the return portal. Short verb.","","","عودة","","","","","","","","","","","","","","","","Retour","","","Zurück","","","","","","戻る","","","","","","","","Voltar","","","","","","","","","Volver","","","","",""
"area.glitch_grove","Glitch Grove","Name of the beginner expedition zone. Green forest with violet glitches.","","","بستان الخلل","","","","","","","","","","","","","","","","Bosquet Glitch","","","Glitch-Hain","","","","","","グリッチの森","","","","","","","","Bosque Glitch","","","","","","","","","Arboleda Glitch","","","","",""
"area.hub","Research Hub","Name of the safe social hub.","","","مركز الأبحاث","","","","","","","","","","","","","","","","Centre de recherche","","","Forschungszentrum","","","","","","研究ハブ","","","","","","","","Centro de Pesquisa","","","","","","","","","Centro de Investigación","","","","",""
"area.scrap_district","Scrap District","Name of the second zone: containers and repair bays.","","","حي الخردة","","","","","","","","","","","","","","","","Quartier de la Ferraille","","","Schrottviertel","","","","","","スクラップ地区","","","","","","","","Distrito da Sucata","","","","","","","","","Distrito Chatarra","","","","",""
"area.void_station","Void Station","Name of the third zone: dark laboratory.","","","محطة الفراغ","","","","","","","","","","","","","","","","Station du Vide","","","Leerenstation","","","","","","ヴォイド・ステーション","","","","","","","","Estação do Vazio","","","","","","","","","Estación del Vacío","","","","",""
"base.direction","Your base is marked with a cyan beam.","Onboarding hint pointing out the base marker.","","","قاعدتك مُعلَّمة بشعاع سماوي.","","","","","","","","","","","","","","","","Ta base est indiquée par un rayon cyan.","","","Deine Basis ist mit einem cyanfarbenen Strahl markiert.","","","","","","あなたの拠点はシアンの光で示されています。","","","","","","","","Sua base está marcada com um feixe ciano.","","","","","","","","","Tu base está marcada con un rayo cian.","","","","",""
"base.owned_by","{name}'s base","Sign above another player's base. {name} is a Roblox display name.","","","قاعدة {name}","","","","","","","","","","","","","","","","Base de {name}","","","Basis von {name}","","","","","","{name}の拠点","","","","","","","","Base de {name}","","","","","","","","","Base de {name}","","","","",""
"base.vacant","Free base slot","Sign above an unassigned base plot.","","","مكان قاعدة فارغ","","","","","","","","","","","","","","","","Emplacement de base libre","","","Freier Basisplatz","","","","","","空いている拠点","","","","","","","","Espaço de base livre","","","","","","","","","Espacio de base libre","","","","",""
"base.yours","Your base","Sign above the local player's own base plot.","","","قاعدتك","","","","","","","","","","","","","","","","Ta base","","","Deine Basis","","","","","","あなたの拠点","","","","","","","","Sua base","","","","","","","","","Tu base","","","","",""
"error.inventory_full","Your collection is full. Make room before capturing.","No automatic item destruction.","","","","","","","","","","","","","","","","","","","","","","","","","","","","","","","","","","","","","","","","","","","","","","","","","",""
"error.portal_cooldown","Please wait a moment before using the portal again.","Portal rate limit.","","","","","","","","","","","","","","","","","","","","","","","","","","","","","","","","","","","","","","","","","","","","","","","","","",""
"error.portal_locked","This zone is not available yet.","Portal for a locked or unbuilt zone.","","","","","","","","","","","","","","","","","","","","","","","","","","","","","","","","","","","","","","","","","","","","","","","","","",""
"error.portal_too_far","Move closer to the portal.","Portal request from too far away.","","","","","","","","","","","","","","","","","","","","","","","","","","","","","","","","","","","","","","","","","","","","","","","","","",""
"error.server_failed","Something went wrong while starting. Please rejoin.","Server initialization failed; gameplay is blocked.","","","","","","","","","","","","","","","","","","","","","","","","","","","","","","","","","","","","","","","","","","","","","","","","","",""
"error.server_starting","The server is still starting. Please wait.","Client waiting for the server ready signal.","","","","","","","","","","","","","","","","","","","","","","","","","","","","","","","","","","","","","","","","","","","","","","","","","",""
"error.translation_fallback","Some text is shown in English.","Honest note when a translation is missing for the player's language.","","","بعض النصوص معروضة باللغة الإنجليزية.","","","","","","","","","","","","","","","","Certains textes sont affichés en anglais.","","","Einige Texte werden auf Englisch angezeigt.","","","","","","一部のテキストは英語で表示されます。","","","","","","","","Alguns textos são exibidos em inglês.","","","","","","","","","Algunos textos se muestran en inglés.","","","","",""
"error.travel_failed","Travel failed. You are back in a safe place.","Portal fallback after a timeout.","","","","","","","","","","","","","","","","","","","","","","","","","","","","","","","","","","","","","","","","","","","","","","","","","",""
"evolution.requirement","Extract this species {count} times.","Parameterized evolution requirement.","","","","","","","","","","","","","","","","","","","","","","","","","","","","","","","","","","","","","","","","","","","","","","","","","",""
"hint.dismiss","Got it","Button that hides an onboarding hint.","","","فهمت","","","","","","","","","","","","","","","","Compris","","","Verstanden","","","","","","OK","","","","","","","","Entendi","","","","","","","","","Entendido","","","","",""
"hint.move_gamepad","Use the left stick to move and the jump button to jump.","Movement hint on gamepads. No button names: they differ between controller brands.","","","","","","","","","","","","","","","","","","","","","","","","","","","","","","","","","","","","","","","","","","","","","","","","","",""
"hint.move_keyboard","Move with {up} {left} {down} {right}. Jump with {jump}.","Key names are filled in for the player's keyboard layout.","","","","","","","","","","","","","","","","","","","","","","","","","","","","","","","","","","","","","","","","","","","","","","","","","",""
"hint.move_touch","Use the thumbstick to move and the jump button to jump.","Movement hint on touch devices.","","","استخدم عصا التحكم للتحرك وزر القفز للقفز.","","","","","","","","","","","","","","","","Utilise le joystick pour te déplacer et le bouton de saut pour sauter.","","","Benutze den Stick zum Laufen und die Sprungtaste zum Springen.","","","","","","スティックで移動し、ジャンプボタンでジャンプします。","","","","","","","","Use o direcional para se mover e o botão de pulo para pular.","","","","","","","","","Usa el joystick para moverte y el botón de salto para saltar.","","","","",""
"info.safe_collection","Your secured collection is safe.","Ownership explanation.","","","","","","","","","","","","","","","","","","","","","","","","","","","","","","","","","","","","","","","","","","","","","","","","","",""
"objective.explore_zone","Look around. Anomalies live in this zone.","Shown on arrival in an expedition zone during the first build (capture arrives in a later update).","","","انظر حولك. تعيش الشذوذات في هذه المنطقة.","","","","","","","","","","","","","","","","Regarde autour de toi. Des anomalies vivent dans cette zone.","","","Sieh dich um. In dieser Zone leben Anomalien.","","","","","","周りを見てみよう。このゾーンにはアノマリーがいる。","","","","","","","","Olhe ao redor. Anomalias vivem nesta zona.","","","","","","","","","Mira a tu alrededor. En esta zona viven anomalías.","","","","",""
"objective.first_capture","Bring your first anomaly home.","First objective shown in the HUD.","","","أحضر أول شذوذ لك إلى المنزل.","","","","","","","","","","","","","","","","Ramène ta première anomalie à la maison.","","","Bring deine erste Anomalie nach Hause.","","","","","","最初のアノマリーを持ち帰ろう。","","","","","","","","Leve sua primeira anomalia para casa.","","","","","","","","","Lleva tu primera anomalía a casa.","","","","",""
"objective.go_to_portal","Walk to the glowing portal to start your first expedition.","Onboarding hint in the hub before the first expedition.","","","امشِ إلى البوابة المضيئة لبدء رحلتك الاستكشافية الأولى.","","","","","","","","","","","","","","","","Marche jusqu'au portail lumineux pour commencer ta première expédition.","","","Geh zum leuchtenden Portal, um deine erste Expedition zu starten.","","","","","","光るポータルまで歩いて、最初の探索を始めよう。","","","","","","","","Vá até o portal brilhante para começar sua primeira expedição.","","","","","","","","","Camina hacia el portal brillante para comenzar tu primera expedición.","","","","",""
"portal.not_available","Not available yet","Sign on a dormant portal for a zone that is not built yet.","","","غير متاح بعد","","","","","","","","","","","","","","","","Pas encore disponible","","","Noch nicht verfügbar","","","","","","まだ利用できません","","","","","","","","Ainda não disponível","","","","","","","","","Aún no disponible","","","","",""
"portal.to_area","Portal: {area}","Proximity prompt object text. {area} is a localized area name.","","","بوابة: {area}","","","","","","","","","","","","","","","","Portail : {area}","","","Portal: {area}","","","","","","ポータル：{area}","","","","","","","","Portal: {area}","","","","","","","","","Portal: {area}","","","","",""
"portal.to_hub","Portal: Research Hub","Return portal object text.","","","بوابة: مركز الأبحاث","","","","","","","","","","","","","","","","Portail : Centre de recherche","","","Portal: Forschungszentrum","","","","","","ポータル：研究ハブ","","","","","","","","Portal: Centro de Pesquisa","","","","","","","","","Portal: Centro de Investigación","","","","",""
"settings.reduced_motion","Reduced motion","Accessibility toggle.","","","","","","","","","","","","","","","","","","","","","","","","","","","","","","","","","","","","","","","","","","","","","","","","","",""
"sign.arrival","Arrival point","World sign at the safe arrival pad of a zone.","","","نقطة الوصول","","","","","","","","","","","","","","","","Point d'arrivée","","","Ankunftspunkt","","","","","","到着ポイント","","","","","","","","Ponto de chegada","","","","","","","","","Punto de llegada","","","","",""
"sign.extraction","Extraction point","World sign at an extraction zone.","","","نقطة الاستخراج","","","","","","","","","","","","","","","","Point d'extraction","","","Extraktionspunkt","","","","","","脱出ポイント","","","","","","","","Ponto de extração","","","","","","","","","Punto de extracción","","","","",""
"sign.welcome","Welcome, researcher","Large sign in the hub center.","","","مرحبًا أيها الباحث","","","","","","","","","","","","","","","","Bienvenue, chercheur","","","Willkommen, Forscher","","","","","","ようこそ、研究員","","","","","","","","Bem-vindo, pesquisador","","","","","","","","","Bienvenido, investigador","","","","",""
"species.fridge_dog.description","Its cold breath makes the ground slippery.","Creature description.","","","","","","","","","","","","","","","","","","","","","","","","","","","","","","","","","","","","","","","","","","","","","","","","","",""
"species.fridge_dog.name","Fridge Dog","Creature name. A small dog whose body is a refrigerator.","","","","","","","","","","","","","","","","","","","","","","","","","","","","","","","","","","","","","","","","","","","","","","","","","",""
"species.glitch_pigeon.description","A pigeon that sometimes slips sideways through space.","Creature description.","","","","","","","","","","","","","","","","","","","","","","","","","","","","","","","","","","","","","","","","","","","","","","","","","",""
"species.glitch_pigeon.name","Glitch Pigeon","Creature name. Gray pigeon with one segmented violet wing.","","","","","","","","","","","","","","","","","","","","","","","","","","","","","","","","","","","","","","","","","","","","","","","","","",""
"species.siren_toad.description","Its loud call alerts nearby guardians.","Creature description.","","","","","","","","","","","","","","","","","","","","","","","","","","","","","","","","","","","","","","","","","","","","","","","","","",""
"species.siren_toad.name","Siren Toad","Creature name. Green toad with a speaker-like throat.","","","","","","","","","","","","","","","","","","","","","","","","","","","","","","","","","","","","","","","","","","","","","","","","","",""
"status.expedition_area","Expedition area","HUD badge while inside an expedition zone.","","","منطقة استكشاف","","","","","","","","","","","","","","","","Zone d'expédition","","","Expeditionsgebiet","","","","","","探索エリア","","","","","","","","Área de expedição","","","","","","","","","Zona de expedición","","","","",""
"status.loading","Loading...","Shown while the game starts.","","","جارٍ التحميل...","","","","","","","","","","","","","","","","Chargement...","","","Wird geladen...","","","","","","読み込み中...","","","","","","","","Carregando...","","","","","","","","","Cargando...","","","","",""
"status.safe_area","Safe area","HUD badge: no PvP or cargo theft here.","","","منطقة آمنة","","","","","","","","","","","","","","","","Zone sûre","","","Sicherer Bereich","","","","","","安全エリア","","","","","","","","Área segura","","","","","","","","","Zona segura","","","","",""
"status.saving","Saving your anomaly...","Persistence not yet confirmed.","","","","","","","","","","","","","","","","","","","","","","","","","","","","","","","","","","","","","","","","","","","","","","","","","",""
"status.secured","Anomaly secured!","Display only after confirmed ownership.","","","","","","","","","","","","","","","","","","","","","","","","","","","","","","","","","","","","","","","","","","","","","","","","","",""
"status.traveling","Traveling...","Shown during a portal transition.","","","جارٍ الانتقال...","","","","","","","","","","","","","","","","Voyage en cours...","","","Unterwegs...","","","","","","移動中...","","","","","","","","Viajando...","","","","","","","","","Viajando...","","","","",""
"warning.risk_zone","Unsecured cargo can be stolen here.","Before entering a PvP area.","","","","","","","","","","","","","","","","","","","","","","","","","","","","","","","","","","","","","","","","","","","","","","","","","",""
